{"ID":5,"factionName":"Core","color":{"r":0.36,"g":0.537,"b":0.9,"a":1.0},"shinyColor":{"r":0.800000011920929,"g":0.800000011920929,"b":0.800000011920929,"a":1.0},"colorName":"blue","relations":59,"growRandomParts":false}