{"sectorjson":"{\"dimension\":4,\"sectorName\":\"DuelZone Gradius\",\"bounds\":{\"x\":790,\"y\":-1480,\"w\":100,\"h\":100},\"type\":0,\"backgroundColor\":{\"r\":0.30000001192092898,\"g\":0.10000000149011612,\"b\":0.10000000149011612,\"a\":1.0},\"entities\":[{\"name\":\"GradiusFlagPlayer\",\"ID\":\"GradiusFlagPlayer\",\"faction\":0,\"assetID\":\"flag\",\"blueprintJSON\":\"\",\"dialogueID\":\"\",\"vendingID\":\"\",\"pathID\":\"\",\"position\":{\"x\":810.0,\"y\":-1530.0},\"patrolPath\":{\"waypoints\":[]}},{\"name\":\"GradiusFlag\",\"ID\":\"GradiusFlag\",\"faction\":0,\"assetID\":\"flag\",\"blueprintJSON\":\"\",\"dialogueID\":\"\",\"vendingID\":\"\",\"pathID\":\"\",\"position\":{\"x\":870.0,\"y\":-1530.0},\"patrolPath\":{\"waypoints\":[]}},{\"name\":\"Map Background 1\",\"ID\":\"704\",\"faction\":0,\"assetID\":\"mapbg1\",\"blueprintJSON\":\"\",\"dialogueID\":\"\",\"vendingID\":\"\",\"pathID\":\"\",\"position\":{\"x\":840.0,\"y\":-1530.0},\"patrolPath\":{\"waypoints\":[]}}],\"platformData\":[\"+010s010209010r0101010101030301020101020104030203010103010503030401010401060304050101050107030506010106010803060701010702080307080101080308030808020109040803090803010a0508030a0804010b0608030b0805010c0708030c0806010d0808030d0807010e010309010r0102010101040301010101020105030202010103010603030301010401070304040101050108030505010106020803060601010703080307070101080408030808010109050803090802010a0608030a0803010b0708030b0804010c0808030c0805010d0807030d0806010e010409010r0103010101050301010201020106030201010103010703030201010401080304030101050208030504010106030803060501010704080307060101080508030807010109060803090801010a0708030a0802010b0808030b0803010c0807030c0804010d0806030d0805010e010509010r0104010101060301010301020107030201020103010803030101010402080304020101050308030503010106040803060401010705080307050101080608030806010109070803090701010a0808030a0801010b0807030b0802010c0806030c0803010d0805030d0804010e010609010r0105010101070301010401020108030201030103020803030102010403080304010101050408030502010106050803060301010706080307040101080708030805010109080803090601010a0807030a0701010b0806030b0801010c0805030c0802010d0804030d0803010e010709010r0106010101080301010501020208030201040103030803030103010404080304010201050508030501010106060803060201010707080307030101080808030804010109080703090501010a0806030a0601010b0805030b0701010c0804030c0801010d0803030d0802010e080209010r0801010108030301070101020804030206010103080503030501010408060304040101050807030503010106080803060201010707080307010101080608030801020109050803090103010a0408030a0104010b0308030b0105010c0208030c0106010d0108030d0107010e080309010r0802010108040301080101020805030207010103080603030601010408070304050101050808030504010106070803060301010706080307020101080508030801010109040803090102010a0308030a0103010b0208030b0104010c0108030c0105010d0107030d0106010e080409010r0803010108050301080201020806030208010103080703030701010408080304060101050708030505010106060803060401010705080307030101080408030802010109030803090101010a0208030a0102010b0108030b0103010c0107030c0104010d0106030d0105010e080509010r0804010108060301080301020807030208020103080803030801010407080304070101050608030506010106050803060501010704080307040101080308030803010109020803090201010a0108030a0101010b0107030b0102010c0106030c0103010d0105030d0104010e080609010r0805010108070301080401020808030208030103070803030802010406080304080101050508030507010106040803060601010703080307050101080208030804010109010803090301010a0107030a0201010b0106030b0101010c0105030c0102010d0104030d0103010e080709010r0806010108080301080501020708030208040103060803030803010405080304080201050408030508010106030803060701010702080307060101080108030805010109010703090401010a0106030a0301010b0105030b0201010c0104030c0101010d0103030d0102010e070809000r0808000106080201080700020508020208060003040802030805000403080204080400050208020508030006010802060802000701070207080100080106020807010009010502090601000a0104020a0501000b0103020b0401000c0102020c0301000d0101020d0201000e060809000r0708000105080201080800020408020208070003030802030806000402080204080500050108020508040006010702060803000701060207080200080105020808010009010402090701000a0103020a0601000b0102020b0501000c0101020c0401000d0201020d0301000e050809000r0608000104080201070800020308020208080003020802030807000401080204080600050107020508050006010602060804000701050207080300080104020808020009010302090801000a0102020a0701000b0101020b0601000c0201020c0501000d0301020d0401000e040809000r0508000103080201060800020208020207080003010802030808000401070204080700050106020508060006010502060805000701040207080400080103020808030009010202090802000a0101020a0801000b0201020b0701000c0301020c0601000d0401020d0501000e030809000r0408000102080201050800020108020206080003010702030708000401060204080800050105020508070006010402060806000701030207080500080102020808040009010102090803000a0201020a0802000b0301020b0801000c0401020c0701000d0501020d0601000e020809000r0308000101080201040800020107020205080003010602030608000401050204070800050104020508080006010302060807000701020207080600080101020808050009020102090804000a0301020a0803000b0401020b0802000c0501020c0801000d0601020d0701000e070109000r0801000106010201080200020501020208030003040102030804000403010204080500050201020508060006010102060807000701020207080800080103020807080009010402090608000a0105020a0508000b0106020b0408000c0107020c0308000d0108020d0208000e060109000r0701000105010201080100020401020208020003030102030803000402010204080400050101020508050006010202060806000701030207080700080104020808080009010502090708000a0106020a0608000b0107020b0508000c0108020c0408000d0208020d0308000e050109000r0601000104010201070100020301020208010003020102030802000401010204080300050102020508040006010302060805000701040207080600080105020808070009010602090808000a0107020a0708000b0108020b0608000c0208020c0508000d0308020d0408000e040109000r0501000103010201060100020201020207010003010102030801000401020204080200050103020508030006010402060804000701050207080500080106020808060009010702090807000a0108020a0808000b0208020b0708000c0308020c0608000d0408020d0508000e030109000r0401000102010201050100020101020206010003010202030701000401030204080100050104020508020006010502060803000701060207080400080107020808050009010802090806000a0208020a0807000b0308020b0808000c0408020c0708000d0508020d0608000e020109000r0301000101010201040100020102020205010003010302030601000401040204070100050105020508010006010602060802000701070207080300080108020808040009020802090805000a0308020a0806000b0408020b0807000c0508020c0808000d0608020d0708000e080107030r0701020108020301060102020803030205010203080403030401020408050304030102050806030502010206080703060101020708080307010202080708030801030209060803090104020a0508030a0105020b0408030b0106020c0308030c0107020d0208030d0108020e010107000r0201000101020301030100020103030204010003010403030501000401050304060100050106030507010006010703060801000701080307080200080208030808030009030803090804000a0408030a0805000b0508030b0806000c0608030c0807000d0708030d0808000e010807010r0208000101070101030800020106010204080003010501030508000401040104060800050103010507080006010201060808000701010107080700080201010808060009030101090805000a0401010a0804000b0501010b0803000c0601010c0802000d0701010d0801000e080807020r0807010107080201080601020608020208050103050802030804010404080204080301050308020508020106020802060801010701080207070101080107020806010109010602090501010a0105020a0401010b0104020b0301010c0103020c0201010d0102020d0101010e\"],\"platform\":{\"instanceID\":0},\"targets\":[],\"hasMusic\":true,\"musicID\":\"music_fast\",\"partDropsDisabled\":false,\"backgroundSpawns\":[],\"waveSetPath\":\"\",\"rectangleEffectSkin\":0,\"backgroundTileSkin\":1,\"shardCountSet\":[0,0,0]}","platformjson":""}