{"sectorjson":"{\"dimension\":0,\"sectorName\":\"MusicZone Alpha\",\"bounds\":{\"x\":110,\"y\":-1740,\"w\":160,\"h\":80},\"type\":0,\"backgroundColor\":{\"r\":0.05000000074505806,\"g\":0.05000000074505806,\"b\":0.05000000074505806,\"a\":1.0},\"entities\":[{\"name\":\"Map Background 5\",\"ID\":\"1016\",\"faction\":0,\"assetID\":\"mapbg5\",\"blueprintJSON\":\"\",\"dialogueID\":\"\",\"vendingID\":\"\",\"pathID\":\"\",\"position\":{\"x\":190.0,\"y\":-1780.0},\"patrolPath\":{\"waypoints\":[]}},{\"name\":\"Rave Base\",\"ID\":\"RaveBase\",\"faction\":0,\"assetID\":\"groundcarrier_blueprint\",\"blueprintJSON\":\"Music Base\",\"dialogueID\":\"\",\"vendingID\":\"\",\"pathID\":\"\",\"position\":{\"x\":135.0,\"y\":-1765.0},\"patrolPath\":{\"waypoints\":[]}},{\"name\":\"Music Base\",\"ID\":\"MusicBase\",\"faction\":0,\"assetID\":\"groundcarrier_blueprint\",\"blueprintJSON\":\"Music Base\",\"dialogueID\":\"\",\"vendingID\":\"\",\"pathID\":\"\",\"position\":{\"x\":245.0,\"y\":-1795.0},\"patrolPath\":{\"waypoints\":[]}}],\"platformData\":[\"+01010d02040000\",\"+01010205040000\",\"+0108030107030702010201030203010101020203030302010202030203030301030204030307020703020101020302010301010201030202020101030102020301010104010307010702030001010201010303000201010102030200030201010303010004010107000702010001010203010301000201030302030200030203030303030004030209030703010101030303010201010202030302010101030103030301020104020309020703030001010302010302000201020202030100030101020302010004010209010701010101010303010201010202030302030101030303030303020104020109000703010001010102010302000201020202030300030103020302030004\",\"+01010202040000\",\"+01080d040900070e0400010c0402010e0500020c0502020e0600030c0602030d0600040e050903070e0401010e0603010d0401020d0603020c0401030c0603030c0501040d060902070e0600010c0602010e0500020c0502020e0400030c0402030d0400040c050901070c0401010c0603010d0401020d0603020e0401030e0603030e0501040c040700070d0400010c0503010e0400020c0603020e0500030d0603030e0600040e040703070d0402010e0503010c0402020e0603020c0502030d0603030c0602040e060702070e0501010d0602010e0401020c0602020d0401030c0502030c0401040c060701070d0600010c0501010e0600020c0401020e0500030d0401030e040004\",\"+01010d05040000\",\"+010k050107000j06010001050203010701000205030302080100030504030309010004050503040a010005050603050a020006060603060a030007070603070a040008080603080a050009090603090a06000a0a0107030j090102010a020301080102020a030302070102030a040303060102040a050304050102050a06030505020206090603060503020708060307050402080706030805050209060603090506020a0a0607020j0a050101090602010a040102080602020a030103070602030a020104060602040a0101050506020509010106050502060801010705040207070101080503020806010109050202090501010a050607010j06060001050501010706000205040102080600030503010309060004050201040a060005050101050a050006060101060a040007070101070a030008080101080a020009090101090a01000a090609020j0a060001080602010a050002070602020a040003060602030a030004050602040a020005050502050a010006050402060901000705030207080100080502020807010009050102090601000a080609020j09060001070602010a060002060602020a050003050602030a040004050502040a030005050402050a020006050302060a01000705020207090100080501020808010009060102090701000a070609020j080600010606020109060002050602020a060003050502030a050004050402040a040005050302050a030006050202060a020007050102070a0100080601020809010009070102090801000a060609020j0706000105060201080600020505020209060003050402030a060004050302040a050005050202050a040006050102060a030007060102070a020008070102080a010009080102090901000a0a0209010j0a0101010a030301090101020a040302080101030a050303070101040a060304060101050906030505010106080603060502010707060307050301080606030805040109050603090505010a0a0309010j0a0201010a0403010a0101020a050302090101030a0603030801010409060304070101050806030506010106070603060501010706060307050201080506030805030109050503090504010a0a0409010j0a0301010a0503010a0201020a0603020a010103090603030901010408060304080101050706030507010106060603060601010705060307050101080505030805020109050403090503010a0a0509010j0a0401010a0603010a030102090603020a020103080603030a01010407060304090101050606030508010106050603060701010705050307060101080504030805010109050303090502010a050509010j05040101050603010503010206060302050201030706030305010104080603040601010509060305070101060a060306080101070a050307090101080a0403080a0101090a0303090a02010a050409010j050301010505030105020102050603020501010306060303060101040706030407010105080603050801010609060306090101070a0603070a0101080a0503080a0201090a0403090a03010a050309010j0502010105040301050101020505030206010103050603030701010406060304080101050706030509010106080603060a010107090603070a0201080a0603080a0301090a0503090a04010a050209010j050101010503030106010102050403020701010305050303080101040506030409010105060603050a010106070603060a020107080603070a030108090603080a0401090a0603090a05010a060109000j0701000105010201080100020502020209010003050302030a010004050402040a020005050502050a030006050602060a040007060602070a050008070602080a060009080602090906000a090109000j0a010001080102010a020002070102020a030003060102030a040004050102040a050005050202050a060006050302060906000705040207080600080505020807060009050602090606000a080109000j09010001070102010a010002060102020a020003050102030a030004050202040a040005050302050a050006050402060a06000705050207090600080506020808060009060602090706000a070109000j080100010601020109010002050102020a010003050202030a020004050302040a030005050402050a040006050502060a050007050602070a0600080606020809060009070602090806000a\"],\"platform\":{\"instanceID\":0},\"targets\":[\"RaveBase\",\"MusicBase\"],\"hasMusic\":false,\"musicID\":\"\",\"partDropsDisabled\":false,\"backgroundSpawns\":[],\"waveSetPath\":\"\",\"rectangleEffectSkin\":1,\"backgroundTileSkin\":1,\"shardCountSet\":[0,0,0]}","platformjson":""}