{"sectorjson":"{\"sectorName\":\"Capitol 980-1770\",\"bounds\":{\"x\":860,\"y\":-1440,\"w\":160,\"h\":160},\"type\":4,\"backgroundColor\":{\"r\":0.0,\"g\":0.800000011920929,\"b\":0.0,\"a\":1.0},\"entities\":[{\"name\":\"Map Background 5\",\"ID\":\"135\",\"faction\":0,\"assetID\":\"mapbg5\",\"blueprintJSON\":\"\",\"dialogueID\":\"\",\"vendingID\":\"\",\"pathID\":\"\",\"position\":{\"x\":940.0,\"y\":-1520.0},\"patrolPath\":{\"waypoints\":[]}}],\"platform\":{\"instanceID\":-151954},\"targets\":[],\"hasMusic\":true,\"musicID\":\"music_funktify\",\"partDropsDisabled\":false,\"backgroundSpawns\":[],\"waveSetPath\":\"\",\"rectangleEffectSkin\":1,\"backgroundTileSkin\":1}","platformjson":"{\"prefabs\":[\"New Junction\",\"New 1 Entry\",\"New 2 Entry\",\"New 0 Entry\",\"New 0 Entry Ghost\",\"New 3 Entry\",\"New 4 Entry\",\"New Junction Ghost\",\"New 1 Entry Ghost\",\"New 2 Entry Ghost\",\"New 3 Entry Ghost\",\"New 4 Entry Ghost\"],\"rows\":16,\"columns\":16,\"tilemap\":[-1,-1,-1,-1,-1,-1,-1,-1,-1,-1,-1,-1,-1,-1,-1,-1,-1,-1,-1,-1,-1,-1,-1,-1,-1,-1,-1,-1,-1,-1,-1,-1,-1,-1,-1,7,9,9,9,9,9,9,9,9,7,-1,-1,-1,-1,-1,7,7,-1,-1,-1,-1,-1,-1,-1,-1,7,7,-1,-1,-1,-1,9,-1,-1,-1,-1,-1,-1,-1,-1,-1,-1,9,-1,-1,-1,-1,9,-1,-1,-1,-1,-1,-1,-1,-1,-1,-1,9,-1,-1,-1,-1,9,-1,-1,-1,-1,-1,-1,-1,-1,-1,-1,9,-1,-1,-1,-1,9,-1,-1,-1,-1,-1,-1,-1,-1,-1,-1,9,-1,-1,-1,-1,9,-1,-1,-1,-1,-1,-1,-1,-1,-1,-1,9,-1,-1,-1,-1,9,-1,-1,-1,-1,-1,-1,-1,-1,-1,-1,9,-1,-1,-1,-1,9,-1,-1,-1,-1,-1,-1,-1,-1,-1,-1,9,-1,-1,-1,-1,9,-1,-1,-1,-1,-1,-1,-1,-1,-1,-1,9,-1,-1,-1,-1,7,7,-1,-1,-1,-1,-1,-1,-1,-1,7,7,-1,-1,-1,-1,-1,7,9,9,9,9,9,9,9,9,7,-1,-1,-1,-1,-1,-1,-1,-1,-1,-1,-1,-1,-1,-1,-1,-1,-1,-1,-1,-1,-1,-1,-1,-1,-1,-1,-1,-1,-1,-1,-1,-1,-1,-1,-1],\"rotations\":[0,0,0,0,0,0,0,0,0,0,0,0,0,0,0,0,0,0,0,0,0,0,0,0,0,0,0,0,0,0,0,0,0,0,0,0,0,0,0,0,0,0,0,0,3,0,0,0,0,0,0,2,0,0,0,0,0,0,0,0,1,3,0,0,0,0,1,0,0,0,0,0,0,0,0,0,0,1,0,0,0,0,1,0,0,0,0,0,0,0,0,0,0,1,0,0,0,0,1,0,0,0,0,0,0,0,0,0,0,1,0,0,0,0,1,0,0,0,0,0,0,0,0,0,0,1,0,0,0,0,1,0,0,0,0,0,0,0,0,0,0,1,0,0,0,0,1,0,0,0,0,0,0,0,0,0,0,1,0,0,0,0,1,0,0,0,0,0,0,0,0,0,0,1,0,0,0,0,1,0,0,0,0,0,0,0,0,0,0,1,0,0,0,0,1,3,0,0,0,0,0,0,0,0,0,2,0,0,0,0,0,1,0,0,0,0,0,0,0,0,2,0,0,0,0,0,0,0,0,0,0,0,0,0,0,0,0,0,0,0,0,0,0,0,0,0,0,0,0,0,0,0,0,0,0,0],\"nodes\":[{\"ID\":0,\"pos\":{\"x\":897.0,\"y\":-1463.0},\"neighbours\":[1,2,3],\"distances\":[4.0,5.656854152679443,4.0]},{\"ID\":1,\"pos\":{\"x\":893.0,\"y\":-1463.0},\"neighbours\":[0,2,3],\"distances\":[4.0,4.0,5.656854152679443]},{\"ID\":2,\"pos\":{\"x\":893.0,\"y\":-1467.0},\"neighbours\":[0,1,3],\"distances\":[5.656854152679443,4.0,4.0]},{\"ID\":3,\"pos\":{\"x\":897.0,\"y\":-1467.0},\"neighbours\":[0,1,2],\"distances\":[4.0,5.656854152679443,4.0]},{\"ID\":4,\"pos\":{\"x\":987.0,\"y\":-1463.0},\"neighbours\":[5,6,7],\"distances\":[4.0,5.656854152679443,4.0]},{\"ID\":5,\"pos\":{\"x\":983.0,\"y\":-1463.0},\"neighbours\":[4,6,7],\"distances\":[4.0,4.0,5.656854152679443]},{\"ID\":6,\"pos\":{\"x\":983.0,\"y\":-1467.0},\"neighbours\":[4,5,7],\"distances\":[5.656854152679443,4.0,4.0]},{\"ID\":7,\"pos\":{\"x\":987.0,\"y\":-1467.0},\"neighbours\":[4,5,6],\"distances\":[4.0,5.656854152679443,4.0]},{\"ID\":8,\"pos\":{\"x\":887.0,\"y\":-1473.0},\"neighbours\":[9,10,11],\"distances\":[4.0,5.656854152679443,4.0]},{\"ID\":9,\"pos\":{\"x\":883.0,\"y\":-1473.0},\"neighbours\":[8,10,11],\"distances\":[4.0,4.0,5.656854152679443]},{\"ID\":10,\"pos\":{\"x\":883.0,\"y\":-1477.0},\"neighbours\":[8,9,11],\"distances\":[5.656854152679443,4.0,4.0]},{\"ID\":11,\"pos\":{\"x\":887.0,\"y\":-1477.0},\"neighbours\":[8,9,10],\"distances\":[4.0,5.656854152679443,4.0]},{\"ID\":12,\"pos\":{\"x\":897.0,\"y\":-1473.0},\"neighbours\":[13,14,15],\"distances\":[4.0,5.656854152679443,4.0]},{\"ID\":13,\"pos\":{\"x\":893.0,\"y\":-1473.0},\"neighbours\":[12,14,15],\"distances\":[4.0,4.0,5.656854152679443]},{\"ID\":14,\"pos\":{\"x\":893.0,\"y\":-1477.0},\"neighbours\":[12,13,15],\"distances\":[5.656854152679443,4.0,4.0]},{\"ID\":15,\"pos\":{\"x\":897.0,\"y\":-1477.0},\"neighbours\":[12,13,14],\"distances\":[4.0,5.656854152679443,4.0]},{\"ID\":16,\"pos\":{\"x\":987.0,\"y\":-1473.0},\"neighbours\":[17,18,19],\"distances\":[4.0,5.656854152679443,4.0]},{\"ID\":17,\"pos\":{\"x\":983.0,\"y\":-1473.0},\"neighbours\":[16,18,19],\"distances\":[4.0,4.0,5.656854152679443]},{\"ID\":18,\"pos\":{\"x\":983.0,\"y\":-1477.0},\"neighbours\":[16,17,19],\"distances\":[5.656854152679443,4.0,4.0]},{\"ID\":19,\"pos\":{\"x\":987.0,\"y\":-1477.0},\"neighbours\":[16,17,18],\"distances\":[4.0,5.656854152679443,4.0]},{\"ID\":20,\"pos\":{\"x\":997.0,\"y\":-1473.0},\"neighbours\":[21,22,23],\"distances\":[4.0,5.656854152679443,4.0]},{\"ID\":21,\"pos\":{\"x\":993.0,\"y\":-1473.0},\"neighbours\":[20,22,23],\"distances\":[4.0,4.0,5.656854152679443]},{\"ID\":22,\"pos\":{\"x\":993.0,\"y\":-1477.0},\"neighbours\":[20,21,23],\"distances\":[5.656854152679443,4.0,4.0]},{\"ID\":23,\"pos\":{\"x\":997.0,\"y\":-1477.0},\"neighbours\":[20,21,22],\"distances\":[4.0,5.656854152679443,4.0]},{\"ID\":24,\"pos\":{\"x\":887.0,\"y\":-1563.0},\"neighbours\":[25,26,27],\"distances\":[4.0,5.656854152679443,4.0]},{\"ID\":25,\"pos\":{\"x\":883.0,\"y\":-1563.0},\"neighbours\":[24,26,27],\"distances\":[4.0,4.0,5.656854152679443]},{\"ID\":26,\"pos\":{\"x\":883.0,\"y\":-1567.0},\"neighbours\":[24,25,27],\"distances\":[5.656854152679443,4.0,4.0]},{\"ID\":27,\"pos\":{\"x\":887.0,\"y\":-1567.0},\"neighbours\":[24,25,26],\"distances\":[4.0,5.656854152679443,4.0]},{\"ID\":28,\"pos\":{\"x\":897.0,\"y\":-1563.0},\"neighbours\":[29,30,31],\"distances\":[4.0,5.656854152679443,4.0]},{\"ID\":29,\"pos\":{\"x\":893.0,\"y\":-1563.0},\"neighbours\":[28,30,31],\"distances\":[4.0,4.0,5.656854152679443]},{\"ID\":30,\"pos\":{\"x\":893.0,\"y\":-1567.0},\"neighbours\":[28,29,31],\"distances\":[5.656854152679443,4.0,4.0]},{\"ID\":31,\"pos\":{\"x\":897.0,\"y\":-1567.0},\"neighbours\":[28,29,30],\"distances\":[4.0,5.656854152679443,4.0]},{\"ID\":32,\"pos\":{\"x\":987.0,\"y\":-1563.0},\"neighbours\":[33,34,35],\"distances\":[4.0,5.656854152679443,4.0]},{\"ID\":33,\"pos\":{\"x\":983.0,\"y\":-1563.0},\"neighbours\":[32,34,35],\"distances\":[4.0,4.0,5.656854152679443]},{\"ID\":34,\"pos\":{\"x\":983.0,\"y\":-1567.0},\"neighbours\":[32,33,35],\"distances\":[5.656854152679443,4.0,4.0]},{\"ID\":35,\"pos\":{\"x\":987.0,\"y\":-1567.0},\"neighbours\":[32,33,34],\"distances\":[4.0,5.656854152679443,4.0]},{\"ID\":36,\"pos\":{\"x\":997.0,\"y\":-1563.0},\"neighbours\":[37,38,39],\"distances\":[4.0,5.656854152679443,4.0]},{\"ID\":37,\"pos\":{\"x\":993.0,\"y\":-1563.0},\"neighbours\":[36,38,39],\"distances\":[4.0,4.0,5.656854152679443]},{\"ID\":38,\"pos\":{\"x\":993.0,\"y\":-1567.0},\"neighbours\":[36,37,39],\"distances\":[5.656854152679443,4.0,4.0]},{\"ID\":39,\"pos\":{\"x\":997.0,\"y\":-1567.0},\"neighbours\":[36,37,38],\"distances\":[4.0,5.656854152679443,4.0]},{\"ID\":40,\"pos\":{\"x\":897.0,\"y\":-1573.0},\"neighbours\":[41,42,43],\"distances\":[4.0,5.656854152679443,4.0]},{\"ID\":41,\"pos\":{\"x\":893.0,\"y\":-1573.0},\"neighbours\":[40,42,43],\"distances\":[4.0,4.0,5.656854152679443]},{\"ID\":42,\"pos\":{\"x\":893.0,\"y\":-1577.0},\"neighbours\":[40,41,43],\"distances\":[5.656854152679443,4.0,4.0]},{\"ID\":43,\"pos\":{\"x\":897.0,\"y\":-1577.0},\"neighbours\":[40,41,42],\"distances\":[4.0,5.656854152679443,4.0]},{\"ID\":44,\"pos\":{\"x\":987.0,\"y\":-1573.0},\"neighbours\":[45,46,47],\"distances\":[4.0,5.656854152679443,4.0]},{\"ID\":45,\"pos\":{\"x\":983.0,\"y\":-1573.0},\"neighbours\":[44,46,47],\"distances\":[4.0,4.0,5.656854152679443]},{\"ID\":46,\"pos\":{\"x\":983.0,\"y\":-1577.0},\"neighbours\":[44,45,47],\"distances\":[5.656854152679443,4.0,4.0]},{\"ID\":47,\"pos\":{\"x\":987.0,\"y\":-1577.0},\"neighbours\":[44,45,46],\"distances\":[4.0,5.656854152679443,4.0]}]}"}