{"sectorjson":"{\"sectorName\":\"Sector 120-1500\",\"bounds\":{\"x\":0,\"y\":-1170,\"w\":180,\"h\":180},\"type\":0,\"backgroundColor\":{\"r\":0.4000000059604645,\"g\":0.0,\"b\":0.0,\"a\":1.0},\"entities\":[],\"platform\":{\"instanceID\":-223186},\"targets\":[],\"hasMusic\":true,\"musicID\":\"music_overworld\",\"partDropsDisabled\":false,\"backgroundSpawns\":[],\"waveSetPath\":\"\",\"rectangleEffectSkin\":1,\"backgroundTileSkin\":1}","platformjson":"{\"prefabs\":[\"New Junction\",\"New 1 Entry\",\"New 2 Entry\",\"New 0 Entry\",\"New 0 Entry Ghost\",\"New 3 Entry\",\"New 4 Entry\",\"New Junction Ghost\",\"New 1 Entry Ghost\",\"New 2 Entry Ghost\",\"New 3 Entry Ghost\",\"New 4 Entry Ghost\"],\"rows\":18,\"columns\":18,\"tilemap\":[-1,-1,-1,-1,-1,-1,-1,-1,-1,-1,-1,-1,-1,-1,-1,-1,-1,-1,-1,-1,-1,8,-1,-1,-1,-1,-1,-1,-1,-1,8,-1,8,-1,-1,-1,-1,-1,-1,9,-1,-1,-1,-1,-1,-1,-1,-1,9,-1,9,-1,-1,-1,-1,8,9,11,9,9,9,9,9,9,9,9,11,9,11,9,8,-1,-1,-1,-1,9,-1,-1,-1,-1,-1,-1,-1,-1,9,-1,9,-1,-1,-1,-1,-1,-1,9,-1,-1,-1,-1,-1,-1,-1,-1,8,-1,8,-1,-1,-1,-1,-1,-1,9,-1,-1,7,9,7,-1,-1,-1,-1,-1,-1,-1,-1,-1,-1,-1,-1,9,-1,-1,9,4,9,-1,-1,-1,-1,-1,-1,-1,-1,-1,-1,-1,-1,9,-1,-1,7,9,7,-1,-1,-1,-1,-1,-1,-1,-1,-1,-1,-1,-1,9,-1,-1,-1,-1,-1,-1,-1,-1,-1,-1,-1,-1,-1,-1,-1,-1,-1,9,-1,-1,-1,-1,-1,-1,-1,-1,-1,-1,-1,-1,-1,-1,-1,-1,-1,9,-1,-1,-1,-1,-1,-1,-1,-1,-1,-1,7,9,8,-1,-1,-1,-1,9,-1,-1,-1,-1,-1,-1,-1,-1,-1,-1,9,-1,-1,-1,-1,4,-1,9,-1,-1,-1,-1,-1,-1,-1,8,-1,-1,9,-1,-1,-1,-1,-1,-1,9,-1,-1,-1,-1,-1,-1,8,11,9,9,11,9,8,-1,-1,4,-1,9,-1,-1,-1,-1,-1,-1,-1,9,-1,-1,9,-1,-1,-1,-1,-1,-1,8,-1,-1,-1,-1,-1,-1,-1,8,-1,-1,8,-1,-1,-1,-1,-1,-1,-1,-1,-1,-1,-1,-1,-1,-1,-1,-1,-1,-1,-1,-1,-1],\"rotations\":[0,0,0,0,0,0,0,0,0,0,0,0,0,0,0,0,0,0,0,0,0,1,0,0,0,0,0,0,0,0,1,0,1,0,0,0,0,0,0,1,0,0,0,0,0,0,0,0,1,0,1,0,0,0,0,2,0,0,0,0,0,0,0,0,0,0,0,0,0,0,0,0,0,0,0,1,0,0,0,0,0,0,0,0,1,0,1,0,0,0,0,0,0,1,0,0,0,0,0,0,0,0,3,0,3,0,0,0,0,0,0,1,0,0,0,0,3,0,0,0,0,0,0,0,0,0,0,0,0,1,0,0,1,0,1,0,0,0,0,0,0,0,0,0,0,0,0,1,0,0,1,0,2,0,0,0,0,0,0,0,0,0,0,0,0,3,0,0,0,0,0,0,0,0,0,0,0,0,0,0,0,0,0,1,0,0,0,0,0,0,0,0,0,0,0,0,0,0,0,0,0,1,0,0,0,0,0,0,0,0,0,0,0,0,0,0,0,0,0,1,0,0,0,0,0,0,0,0,0,0,1,0,0,0,0,0,0,1,0,0,0,0,0,0,0,1,0,0,1,0,0,0,0,0,0,1,0,0,0,0,0,0,2,0,0,0,0,0,0,0,0,0,0,1,0,0,0,0,0,0,0,1,0,0,1,0,0,0,0,0,0,3,0,0,0,0,0,0,0,3,0,0,3,0,0,0,0,0,0,0,0,0,0,0,0,0,0,0,0,0,0,0,0,0],\"nodes\":[{\"ID\":0,\"pos\":{\"x\":37.0,\"y\":-1183.0},\"neighbours\":[1,2,3],\"distances\":[4.0,5.656854152679443,4.0]},{\"ID\":1,\"pos\":{\"x\":33.0,\"y\":-1183.0},\"neighbours\":[0,2,3],\"distances\":[4.0,4.0,5.656854152679443]},{\"ID\":2,\"pos\":{\"x\":33.0,\"y\":-1187.0},\"neighbours\":[0,1,3],\"distances\":[5.656854152679443,4.0,4.0]},{\"ID\":3,\"pos\":{\"x\":37.0,\"y\":-1187.0},\"neighbours\":[0,1,2],\"distances\":[4.0,5.656854152679443,4.0]},{\"ID\":4,\"pos\":{\"x\":127.0,\"y\":-1183.0},\"neighbours\":[5,6,7],\"distances\":[4.0,5.656854152679443,4.0]},{\"ID\":5,\"pos\":{\"x\":123.0,\"y\":-1183.0},\"neighbours\":[4,6,7],\"distances\":[4.0,4.0,5.656854152679443]},{\"ID\":6,\"pos\":{\"x\":123.0,\"y\":-1187.0},\"neighbours\":[4,5,7],\"distances\":[5.656854152679443,4.0,4.0]},{\"ID\":7,\"pos\":{\"x\":127.0,\"y\":-1187.0},\"neighbours\":[4,5,6],\"distances\":[4.0,5.656854152679443,4.0]},{\"ID\":8,\"pos\":{\"x\":147.0,\"y\":-1183.0},\"neighbours\":[9,10,11],\"distances\":[4.0,5.656854152679443,4.0]},{\"ID\":9,\"pos\":{\"x\":143.0,\"y\":-1183.0},\"neighbours\":[8,10,11],\"distances\":[4.0,4.0,5.656854152679443]},{\"ID\":10,\"pos\":{\"x\":143.0,\"y\":-1187.0},\"neighbours\":[8,9,11],\"distances\":[5.656854152679443,4.0,4.0]},{\"ID\":11,\"pos\":{\"x\":147.0,\"y\":-1187.0},\"neighbours\":[8,9,10],\"distances\":[4.0,5.656854152679443,4.0]},{\"ID\":12,\"pos\":{\"x\":17.0,\"y\":-1203.0},\"neighbours\":[13,14,15],\"distances\":[4.0,5.656854152679443,4.0]},{\"ID\":13,\"pos\":{\"x\":13.0,\"y\":-1203.0},\"neighbours\":[12,14,15],\"distances\":[4.0,4.0,5.656854152679443]},{\"ID\":14,\"pos\":{\"x\":13.0,\"y\":-1207.0},\"neighbours\":[12,13,15],\"distances\":[5.656854152679443,4.0,4.0]},{\"ID\":15,\"pos\":{\"x\":17.0,\"y\":-1207.0},\"neighbours\":[12,13,14],\"distances\":[4.0,5.656854152679443,4.0]},{\"ID\":16,\"pos\":{\"x\":37.0,\"y\":-1203.0},\"neighbours\":[17,18,19],\"distances\":[4.0,5.656854152679443,4.0]},{\"ID\":17,\"pos\":{\"x\":33.0,\"y\":-1203.0},\"neighbours\":[16,18,19],\"distances\":[4.0,4.0,5.656854152679443]},{\"ID\":18,\"pos\":{\"x\":33.0,\"y\":-1207.0},\"neighbours\":[16,17,19],\"distances\":[5.656854152679443,4.0,4.0]},{\"ID\":19,\"pos\":{\"x\":37.0,\"y\":-1207.0},\"neighbours\":[16,17,18],\"distances\":[4.0,5.656854152679443,4.0]},{\"ID\":20,\"pos\":{\"x\":127.0,\"y\":-1203.0},\"neighbours\":[21,22,23],\"distances\":[4.0,5.656854152679443,4.0]},{\"ID\":21,\"pos\":{\"x\":123.0,\"y\":-1203.0},\"neighbours\":[20,22,23],\"distances\":[4.0,4.0,5.656854152679443]},{\"ID\":22,\"pos\":{\"x\":123.0,\"y\":-1207.0},\"neighbours\":[20,21,23],\"distances\":[5.656854152679443,4.0,4.0]},{\"ID\":23,\"pos\":{\"x\":127.0,\"y\":-1207.0},\"neighbours\":[20,21,22],\"distances\":[4.0,5.656854152679443,4.0]},{\"ID\":24,\"pos\":{\"x\":147.0,\"y\":-1203.0},\"neighbours\":[25,26,27],\"distances\":[4.0,5.656854152679443,4.0]},{\"ID\":25,\"pos\":{\"x\":143.0,\"y\":-1203.0},\"neighbours\":[24,26,27],\"distances\":[4.0,4.0,5.656854152679443]},{\"ID\":26,\"pos\":{\"x\":143.0,\"y\":-1207.0},\"neighbours\":[24,25,27],\"distances\":[5.656854152679443,4.0,4.0]},{\"ID\":27,\"pos\":{\"x\":147.0,\"y\":-1207.0},\"neighbours\":[24,25,26],\"distances\":[4.0,5.656854152679443,4.0]},{\"ID\":28,\"pos\":{\"x\":167.0,\"y\":-1203.0},\"neighbours\":[29,30,31],\"distances\":[4.0,5.656854152679443,4.0]},{\"ID\":29,\"pos\":{\"x\":163.0,\"y\":-1203.0},\"neighbours\":[28,30,31],\"distances\":[4.0,4.0,5.656854152679443]},{\"ID\":30,\"pos\":{\"x\":163.0,\"y\":-1207.0},\"neighbours\":[28,29,31],\"distances\":[5.656854152679443,4.0,4.0]},{\"ID\":31,\"pos\":{\"x\":167.0,\"y\":-1207.0},\"neighbours\":[28,29,30],\"distances\":[4.0,5.656854152679443,4.0]},{\"ID\":32,\"pos\":{\"x\":127.0,\"y\":-1223.0},\"neighbours\":[33,34,35],\"distances\":[4.0,5.656854152679443,4.0]},{\"ID\":33,\"pos\":{\"x\":123.0,\"y\":-1223.0},\"neighbours\":[32,34,35],\"distances\":[4.0,4.0,5.656854152679443]},{\"ID\":34,\"pos\":{\"x\":123.0,\"y\":-1227.0},\"neighbours\":[32,33,35],\"distances\":[5.656854152679443,4.0,4.0]},{\"ID\":35,\"pos\":{\"x\":127.0,\"y\":-1227.0},\"neighbours\":[32,33,34],\"distances\":[4.0,5.656854152679443,4.0]},{\"ID\":36,\"pos\":{\"x\":147.0,\"y\":-1223.0},\"neighbours\":[37,38,39],\"distances\":[4.0,5.656854152679443,4.0]},{\"ID\":37,\"pos\":{\"x\":143.0,\"y\":-1223.0},\"neighbours\":[36,38,39],\"distances\":[4.0,4.0,5.656854152679443]},{\"ID\":38,\"pos\":{\"x\":143.0,\"y\":-1227.0},\"neighbours\":[36,37,39],\"distances\":[5.656854152679443,4.0,4.0]},{\"ID\":39,\"pos\":{\"x\":147.0,\"y\":-1227.0},\"neighbours\":[36,37,38],\"distances\":[4.0,5.656854152679443,4.0]},{\"ID\":40,\"pos\":{\"x\":67.0,\"y\":-1233.0},\"neighbours\":[41,42,43],\"distances\":[4.0,5.656854152679443,4.0]},{\"ID\":41,\"pos\":{\"x\":63.0,\"y\":-1233.0},\"neighbours\":[40,42,43],\"distances\":[4.0,4.0,5.656854152679443]},{\"ID\":42,\"pos\":{\"x\":63.0,\"y\":-1237.0},\"neighbours\":[40,41,43],\"distances\":[5.656854152679443,4.0,4.0]},{\"ID\":43,\"pos\":{\"x\":67.0,\"y\":-1237.0},\"neighbours\":[40,41,42],\"distances\":[4.0,5.656854152679443,4.0]},{\"ID\":44,\"pos\":{\"x\":77.0,\"y\":-1233.0},\"neighbours\":[45,46,47],\"distances\":[4.0,5.656854152679443,4.0]},{\"ID\":45,\"pos\":{\"x\":73.0,\"y\":-1233.0},\"neighbours\":[44,46,47],\"distances\":[4.0,4.0,5.656854152679443]},{\"ID\":46,\"pos\":{\"x\":73.0,\"y\":-1237.0},\"neighbours\":[44,45,47],\"distances\":[5.656854152679443,4.0,4.0]},{\"ID\":47,\"pos\":{\"x\":77.0,\"y\":-1237.0},\"neighbours\":[44,45,46],\"distances\":[4.0,5.656854152679443,4.0]},{\"ID\":48,\"pos\":{\"x\":87.0,\"y\":-1233.0},\"neighbours\":[49,50,51],\"distances\":[4.0,5.656854152679443,4.0]},{\"ID\":49,\"pos\":{\"x\":83.0,\"y\":-1233.0},