{"sectorjson":"{\"sectorName\":\"Sector 580-1790\",\"bounds\":{\"x\":460,\"y\":-1460,\"w\":180,\"h\":130},\"type\":5,\"backgroundColor\":{\"r\":0.15000000596046449,\"g\":0.15000000596046449,\"b\":0.15000000596046449,\"a\":1.0},\"entities\":[{\"name\":\"Map Background 1\",\"ID\":\"384\",\"faction\":0,\"assetID\":\"mapbg1\",\"blueprintJSON\":\"\",\"dialogueID\":\"\",\"vendingID\":\"\",\"pathID\":\"\",\"position\":{\"x\":550.0,\"y\":-1525.0},\"patrolPath\":{\"waypoints\":[]}}],\"platform\":{\"instanceID\":-605128},\"targets\":[],\"hasMusic\":true,\"musicID\":\"music_overworld_enemy\",\"partDropsDisabled\":false,\"backgroundSpawns\":[],\"waveSetPath\":\"\",\"rectangleEffectSkin\":1,\"backgroundTileSkin\":1}","platformjson":"{\"prefabs\":[\"New Junction\",\"New 1 Entry\",\"New 2 Entry\",\"New 0 Entry\",\"New 0 Entry Ghost\",\"New 3 Entry\",\"New 4 Entry\",\"New Junction Ghost\",\"New 1 Entry Ghost\",\"New 2 Entry Ghost\",\"New 3 Entry Ghost\",\"New 4 Entry Ghost\"],\"rows\":13,\"columns\":18,\"tilemap\":[-1,-1,-1,-1,-1,-1,-1,-1,-1,-1,-1,-1,-1,-1,-1,-1,-1,-1,-1,-1,-1,-1,-1,-1,-1,-1,-1,-1,-1,-1,-1,-1,-1,-1,-1,-1,-1,-1,-1,-1,-1,-1,-1,-1,-1,-1,-1,-1,-1,-1,-1,-1,-1,-1,-1,-1,-1,-1,-1,-1,-1,-1,-1,-1,-1,-1,-1,-1,-1,-1,-1,-1,-1,-1,-1,-1,-1,-1,-1,-1,-1,-1,-1,-1,-1,-1,-1,-1,-1,-1,-1,-1,-1,-1,-1,-1,-1,-1,-1,-1,-1,-1,-1,-1,-1,-1,-1,-1,-1,-1,-1,-1,-1,-1,-1,-1,-1,-1,-1,-1,-1,-1,-1,-1,-1,-1,-1,-1,-1,-1,-1,-1,-1,-1,-1,-1,-1,-1,-1,-1,-1,-1,-1,-1,-1,-1,-1,-1,-1,-1,-1,-1,-1,-1,-1,-1,-1,-1,-1,-1,-1,-1,-1,-1,-1,-1,-1,-1,-1,-1,-1,-1,-1,-1,-1,-1,-1,-1,-1,-1,-1,-1,-1,-1,-1,-1,-1,-1,-1,-1,-1,-1,-1,-1,-1,-1,-1,-1,-1,-1,-1,-1,-1,-1,-1,-1,-1,-1,-1,-1,-1,-1,-1,-1,-1,-1,-1,-1,-1,-1,-1,-1,-1,-1,-1,-1,-1,-1,-1,-1,-1,-1,-1,-1],\"rotations\":[0,0,0,0,0,0,0,0,0,0,0,0,0,0,0,0,0,0,0,0,0,0,0,0,0,0,0,0,0,0,0,0,0,0,0,0,0,0,0,0,0,0,0,0,0,0,0,0,0,0,0,0,0,0,0,0,0,0,0,0,0,0,0,0,0,0,0,0,0,0,0,0,0,0,0,0,0,0,0,0,0,0,0,0,0,0,0,0,0,0,0,0,0,0,0,0,0,0,0,0,0,0,0,0,0,0,0,0,0,0,0,0,0,0,0,0,0,0,0,0,0,0,0,0,0,0,0,0,0,0,0,0,0,0,0,0,0,0,0,0,0,0,0,0,0,0,0,0,0,0,0,0,0,0,0,0,0,0,0,0,0,0,0,0,0,0,0,0,0,0,0,0,0,0,0,0,0,0,0,0,0,0,0,0,0,0,0,0,0,0,0,0,0,0,0,0,0,0,0,0,0,0,0,0,0,0,0,0,0,0,0,0,0,0,0,0,0,0,0,0,0,0,0,0,0,0,0,0,0,0,0,0,0,0],\"nodes\":[]}"}