{"ID":4,"factionName":"Ex-Infected","color":{"r":0.6000000238418579,"g":0.4000000059604645,"b":0.4000000059604645,"a":1.0},"shinyColor":{"r":0.800000011920929,"g":0.20000000298023225,"b":0.800000011920929,"a":1.0},"colorName":"red","relations":63,"growRandomParts":false}