{"ID":3,"factionName":"Ex-Uninfected","color":{"r":0.4000000059604645,"g":0.6000000238418579,"b":0.4000000059604645,"a":1.0},"shinyColor":{"r":0.20000000298023225,"g":0.800000011920929,"b":0.800000011920929,"a":1.0},"colorName":"lime","relations":63,"growRandomParts":false}