{"ID":5,"factionName":"Pylon","color":{"r":0.800000011920929,"g":0.800000011920929,"b":0.800000011920929,"a":1.0},"shinyColor":{"r":0.800000011920929,"g":0.800000011920929,"b":0.800000011920929,"a":1.0},"colorName":"grey","relations":63,"growRandomParts":false}