{"ID":3,"factionName":"Crimson Abandoned","color":{"r":0.875,"g":0.15000000596046449,"b":0.15000000596046449,"a":1.0},"shinyColor":{"r":1.0,"g":0.0,"b":0.6000000238418579,"a":1.0},"colorName":"red","relations":8}