{"sectorjson":"{\"dimension\":4,\"sectorName\":\"DuelZone Gradius\",\"bounds\":{\"x\":790,\"y\":-1480,\"w\":100,\"h\":100},\"type\":0,\"backgroundColor\":{\"r\":0.30000001192092898,\"g\":0.20000000298023225,\"b\":0.4000000059604645,\"a\":1.0},\"entities\":[{\"name\":\"GradiusFlagPlayer\",\"ID\":\"GradiusFlagPlayer\",\"faction\":0,\"assetID\":\"flag\",\"blueprintJSON\":\"\",\"dialogueID\":\"\",\"vendingID\":\"\",\"pathID\":\"\",\"position\":{\"x\":810.0,\"y\":-1530.0},\"patrolPath\":{\"waypoints\":[]}},{\"name\":\"GradiusFlag\",\"ID\":\"GradiusFlag\",\"faction\":0,\"assetID\":\"flag\",\"blueprintJSON\":\"\",\"dialogueID\":\"\",\"vendingID\":\"\",\"pathID\":\"\",\"position\":{\"x\":870.0,\"y\":-1530.0},\"patrolPath\":{\"waypoints\":[]}},{\"name\":\"Map Background 1\",\"ID\":\"492\",\"faction\":0,\"assetID\":\"mapbg1\",\"blueprintJSON\":\"\",\"dialogueID\":\"\",\"vendingID\":\"\",\"pathID\":\"\",\"position\":{\"x\":840.0,\"y\":-1530.0},\"patrolPath\":{\"waypoints\":[]}}],\"platformData\":[\"0s010209010r010303010101010403020101010503030101010603040101010703050101010803060101020803070101030803080101040803080201050803080301060803080401070803080501080803080601080703010309010r010201010403010101010503020101010603030101010703040101010803050101020803060101030803070101040803080101050803080201060803080301070803080401080803080501080703080601010409010r010301010503010201010603010101010703020101010803030101020803040101030803050101040803060101050803070101060803080101070803080201080803080301080703080401080603080501010509010r010401010603010301010703010201010803010101020803020101030803030101040803040101050803050101060803060101070803070101080803080101080703080201080603080301080503080401010609010r010501010703010401010803010301020803010201030803010101040803020101050803030101060803040101070803050101080803060101080703070101080603080101080503080201080403080301010709010r010601010803010501020803010401030803010301040803010201050803010101060803020101070803030101080803040101080703050101080603060101080503070101080403080101080303080201080209010r080303080101080403070101080503060101080603050101080703040101080803030101070803020101060803010101050803010201040803010301030803010401020803010501010803010601010703080309010r080201080403080101080503070101080603060101080703050101080803040101070803030101060803020101050803010101040803010201030803010301020803010401010803010501010703010601080409010r080301080503080201080603080101080703070101080803060101070803050101060803040101050803030101040803020101030803010101020803010201010803010301010703010401010603010501080509010r080401080603080301080703080201080803080101070803070101060803060101050803050101040803040101030803030101020803020101010803010101010703010201010603010301010503010401080609010r080501080703080401080803080301070803080201060803080101050803070101040803060101030803050101020803040101010803030101010703020101010603010101010503010201010403010301080709010r080601080803080501070803080401060803080301050803080201040803080101030803070101020803060101010803050101010703040101010603030101010503020101010403010101010303010201070809000r060802080800050802080700040802080600030802080500020802080400010802080300010702080200010602080100010502070100010402060100010302050100010202040100010102030100020102060809000r070800050802080800040802080700030802080600020802080500010802080400010702080300010602080200010502080100010402070100010302060100010202050100010102040100020102030100050809000r060800040802070800030802080800020802080700010802080600010702080500010602080400010502080300010402080200010302080100010202070100010102060100020102050100030102040100040809000r050800030802060800020802070800010802080800010702080700010602080600010502080500010402080400010302080300010202080200010102080100020102070100030102060100040102050100030809000r040800020802050800010802060800010702070800010602080800010502080700010402080600010302080500010202080400010102080300020102080200030102080100040102070100050102060100020809000r030800010802040800010702050800010602060800010502070800010402080800010302080700010202080600010102080500020102080400030102080300040102080200050102080100060102070100070109000r060102080100050102080200040102080300030102080400020102080500010102080600010202080700010302080800010402070800010502060800010602050800010702040800010802030800020802060109000r070100050102080100040102080200030102080300020102080400010102080500010202080600010302080700010402080800010502070800010602060800010702050800010802040800020802030800050109000r060100040102070100030102080100020102080200010102080300010202080400010302080500010402080600010502080700010602080800010702070800010802060800020802050800030802040800040109000r050100030102060100020102070100010102080100010202080200010302080300010402080400010502080500010602080600010702080700010802080800020802070800030802060800040802050800030109000r040100020102050100010102060100010202070100010302080100010402080200010502080300010602080400010702080500010802080600020802080700030802080800040802070800050802060800020109000r030100010102040100010202050100010302060100010402070100010502080100010602080200010702080300010802080400020802080500030802080600040802080700050802080800060802070800080107030r080203070102080303060102080403050102080503040102080603030102080703020102080803010102070803010202060803010302050803010402040803010502030803010602020803010702010803010107000r010203020100010303030100010403040100010503050100010603060100010703070100010803080100020803080200030803080300040803080400050803080500060803080600070803080700080803010807010r010701020800010601030800010501040800010401050800010301060800010201070800010101080800020101080700030101080600040101080500050101080400060101080300070101080200080101080807020r080701070802080601060802080501050802080401040802080301030802080201020802080101010802070101010702060101010602050101010502040101010402030101010302020101010202010101\"],\"platform\":{\"instanceID\":0},\"targets\":[],\"hasMusic\":true,\"musicID\":\"music_fast\",\"partDropsDisabled\":false,\"backgroundSpawns\":[],\"waveSetPath\":\"\",\"rectangleEffectSkin\":0,\"backgroundTileSkin\":0,\"shardCountSet\":[0,0,0]}","platformjson":""}